[
  {
    "id": "liquid",
    "name": "Liquid (Interactive)",
    "url": "shaders/liquid.wgsl",
    "category": "image"
  },
  {
    "id": "liquid-v1",
    "name": "Liquid (Ambient)",
    "url": "shaders/liquid-v1.wgsl",
    "category": "image"
  },
  {
    "id": "liquid-zoom",
    "name": "Liquid Zoom",
    "url": "shaders/liquid-zoom.wgsl",
    "category": "image"
  },
  {
    "id": "infinite-zoom",
    "name": "Infinite Zoom",
    "url": "shaders/infinite-zoom.wgsl",
    "category": "image"
  },
  {
    "id": "liquid-perspective",
    "name": "Liquid Perspective",
    "url": "shaders/liquid-perspective.wgsl",
    "category": "image",
    "params": [
      {
        "id": "speed",
        "name": "Speed",
        "default": 0.5,
        "min": 0.0,
        "max": 1.0
      },
      {
        "id": "density",
        "name": "Density",
        "default": 0.5,
        "min": 0.0,
        "max": 1.0
      },
      {
        "id": "intensity",
        "name": "Intensity",
        "default": 0.5,
        "min": 0.0,
        "max": 1.0
      },
      {
        "id": "shift",
        "name": "Color Shift",
        "default": 0.0,
        "min": 0.0,
        "max": 1.0
      }
    ],
    "advanced_params": [
      {
        "id": "fg_depth",
        "name": "Foreground Depth",
        "default": 0.7,
        "min": 0.0,
        "max": 1.0
      },
      {
        "id": "falloff",
        "name": "Edge Softness",
        "default": 0.1,
        "min": 0.001,
        "max": 0.2
      },
      {
        "id": "parallax",
        "name": "Parallax Strength",
        "default": 0.03,
        "min": 0.0,
        "max": 0.1
      }
    ]
  },
  {
    "id": "liquid-viscous",
    "name": "Liquid Viscous",
    "url": "shaders/liquid-viscous.wgsl",
    "category": "image"
  },
  {
    "id": "vortex",
    "name": "Clean Vortex",
    "url": "shaders/vortex.wgsl",
    "category": "image"
  },
  {
    "id": "liquid-fast",
    "name": "Liquid Fast",
    "url": "shaders/liquid-fast.wgsl",
    "category": "image"
  },
  {
    "id": "liquid-rgb",
    "name": "Liquid RGB",
    "url": "shaders/liquid-rgb.wgsl",
    "category": "image"
  },
  {
    "id": "liquid-metal",
    "name": "Liquid Metal",
    "url": "shaders/liquid-metal.wgsl",
    "category": "image"
  },
  {
    "id": "liquid-jelly",
    "name": "Liquid Jelly",
    "url": "shaders/liquid-jelly.wgsl",
    "category": "image"
  },
  {
    "id": "liquid-rainbow",
    "name": "Liquid Rainbow",
    "url": "shaders/liquid-rainbow.wgsl",
    "category": "image"
  },
  {
    "id": "liquid-oil",
    "name": "Liquid Oil",
    "url": "shaders/liquid-oil.wgsl",
    "category": "image"
  },
  {
    "id": "liquid-glitch",
    "name": "Liquid Glitch",
    "url": "shaders/liquid-glitch.wgsl",
    "category": "image"
  },
  {
    "id": "liquid-viscous-simple",
    "name": "Liquid Viscous (Simple)",
    "url": "shaders/liquid-viscous-simple.wgsl",
    "category": "image"
  },
  {
    "id": "plasma",
    "name": "Plasma Ball",
    "url": "shaders/plasma.wgsl",
    "category": "image"
  },
  {
    "id": "galaxy",
    "name": "Galaxy",
    "url": "shaders/galaxy-compute.wgsl",
    "category": "shader"
  },
  {
    "id": "rain",
    "name": "Rain",
    "url": "shaders/rain.wgsl",
    "category": "image"
  },
  {
    "id": "kaleidoscope",
    "name": "Kaleidoscope",
    "url": "shaders/kaleidoscope.wgsl",
    "category": "image"
  },
  {
    "id": "crt-tv",
    "name": "CRT Monitor",
    "url": "shaders/crt-tv.wgsl",
    "category": "image"
  },
  {
    "id": "neon-edges",
    "name": "Neon Edges",
    "url": "shaders/neon-edges.wgsl",
    "category": "image",
    "params": [
      {
        "id": "edgeThreshold",
        "name": "Edge Threshold",
        "default": 0.3,
        "min": 0.0,
        "max": 1.0
      },
      {
        "id": "neonIntensity",
        "name": "Neon Intensity",
        "default": 1.0,
        "min": 0.0,
        "max": 2.0
      }
    ]
  },
  {
    "id": "digital-glitch",
    "name": "Digital Glitch",
    "url": "shaders/digital-glitch.wgsl",
    "category": "image",
    "params": [
      {
        "id": "blockIntensity",
        "name": "Block Intensity",
        "default": 0.4,
        "min": 0.0,
        "max": 1.0
      },
      {
        "id": "channelShift",
        "name": "Channel Shift",
        "default": 0.4,
        "min": 0.0,
        "max": 1.0
      },
      {
        "id": "scanline",
        "name": "Scanline Tears",
        "default": 0.2,
        "min": 0.0,
        "max": 1.0
      }
    ]
  },
  {
    "id": "halftone",
    "name": "Retro Halftone",
    "url": "shaders/halftone.wgsl",
    "category": "image",
    "params": [
      {
        "id": "dotScale",
        "name": "Dot Scale",
        "default": 0.5,
        "min": 0.0,
        "max": 1.0
      },
      {
        "id": "contrast",
        "name": "Contrast",
        "default": 1.0,
        "min": 0.0,
        "max": 2.0
      },
      {
        "id": "colorMode",
        "name": "Color Mode",
        "default": 1.0,
        "min": 0.0,
        "max": 1.0
      }
    ]
  },
  {
    "id": "chromatic-manifold",
    "name": "Chromatic Manifold",
    "url": "shaders/chromatic-manifold.wgsl",
    "category": "image",
    "description": "4D topological color manifold with HDR tears, temporal persistence, and depth-driven curvature.",
    "params": [
      {
        "id": "warpStrength",
        "name": "Warp Strength",
        "default": 0.5,
        "min": 0.0,
        "max": 1.0
      },
      {
        "id": "tearThreshold",
        "name": "Tear Threshold",
        "default": 0.8,
        "min": 0.0,
        "max": 3.0
      },
      {
        "id": "curvature",
        "name": "Curvature Strength",
        "default": 0.5,
        "min": 0.0,
        "max": 1.0
      }
    ]
  },
  {
    "id": "digital-decay",
    "name": "Digital Decay",
    "url": "shaders/digital-decay.wgsl",
    "category": "image",
    "params": [
      {
        "id": "decayIntensity",
        "name": "Decay Intensity",
        "default": 0.5,
        "min": 0.0,
        "max": 1.0
      },
      {
        "id": "blockSize",
        "name": "Block Size",
        "default": 0.5,
        "min": 0.0,
        "max": 1.0
      },
      {
        "id": "corruptionSpeed",
        "name": "Corruption Speed",
        "default": 0.5,
        "min": 0.0,
        "max": 1.0
      },
      {
        "id": "depthFocus",
        "name": "Depth Focus",
        "default": 0.5,
        "min": 0.0,
        "max": 1.0
      }
    ]
  },
  {
    "id": "black-hole",
    "name": "Gravitational Lensing",
    "url": "shaders/black-hole.wgsl",
    "category": "image"
  },
  {
    "id": "sine-wave",
    "name": "Sine Wave Distortion",
    "url": "shaders/sine-wave.wgsl",
    "category": "image"
  },
  {
    "id": "snow",
    "name": "Blizzard (Depth-Aware)",
    "url": "shaders/snow.wgsl",
    "category": "image"
  },
  {
    "id": "lidar",
    "name": "LiDAR Scanner Pro",
    "url": "shaders/lidar.wgsl",
    "category": "image",
    "description": "Multi-mode LiDAR with point clouds, persistence trails, and 3D edge detection. Modes: Linear/Radial/Spiral scan.",
    "params": [
      {
        "id": "speed",
        "name": "Scan Speed",
        "default": 0.5,
        "min": 0,
        "max": 1
      },
      {
        "id": "width",
        "name": "Beam Width",
        "default": 0.3,
        "min": 0,
        "max": 1
      },
      {
        "id": "contours",
        "name": "Contour Density",
        "default": 0.5,
        "min": 0,
        "max": 1
      },
      {
        "id": "edges",
        "name": "Edge Sensitivity",
        "default": 0.3,
        "min": 0,
        "max": 1
      }
    ],
    "features": [
      "depth-aware",
      "temporal-persistence",
      "multi-mode"
    ]
  },
  {
    "id": "bioluminescent",
    "name": "Bioluminescent Growth",
    "url": "shaders/bioluminescent.wgsl",
    "category": "image",
    "description": "Living, organic growth patterns that spread across surfaces like glowing fungus. Click to plant spores, watch them grow over time with depth-aware branching.",
    "params": [
      {
        "id": "spread",
        "name": "Spread Speed",
        "default": 0.5,
        "min": 0,
        "max": 1
      },
      {
        "id": "density",
        "name": "Branch Density",
        "default": 0.6,
        "min": 0,
        "max": 1
      },
      {
        "id": "glow",
        "name": "Glow Intensity",
        "default": 0.7,
        "min": 0,
        "max": 1
      },
      {
        "id": "spores",
        "name": "Spore Count",
        "default": 0.3,
        "min": 0,
        "max": 1
      }
    ],
    "advanced_params": [
      {
        "id": "growth_rate",
        "name": "Growth Rate",
        "default": 0.8,
        "min": 0,
        "max": 1
      },
      {
        "id": "color_mode",
        "name": "Color Mode",
        "default": 0.25,
        "min": 0,
        "max": 1
      },
      {
        "id": "pulse",
        "name": "Pulse Speed",
        "default": 0.4,
        "min": 0,
        "max": 1
      },
      {
        "id": "depth_influence",
        "name": "Depth Influence",
        "default": 0.7,
        "min": 0,
        "max": 1
      }
    ],
    "features": [
      "depth-aware",
      "temporal-persistence",
      "interactive",
      "multi-mode"
    ]
  },
  {
    "id": "cosmic-flow",
    "name": "Cosmic Flow Pro",
    "url": "shaders/cosmic-flow.wgsl",
    "category": "image",
    "description": "Depth-aware ethereal energy field with domain warping, temporal trails, chromatic aberration, and multiple color modes ranges.",
    "params": [
      {
        "id": "speed",
        "name": "Flow Speed",
        "default": 0.5,
        "min": 0,
        "max": 1
      },
      {
        "id": "scale",
        "name": "Pattern Scale",
        "default": 0.5,
        "min": 0,
        "max": 1
      },
      {
        "id": "intensity",
        "name": "Glow Intensity",
        "default": 0.6,
        "min": 0,
        "max": 1
      },
      {
        "id": "color_shift",
        "name": "Color Phase",
        "default": 0,
        "min": 0,
        "max": 1
      }
    ],
    "advanced_params": [
      {
        "id": "distortion",
        "name": "Chromatic Distortion",
        "default": 0.3,
        "min": 0,
        "max": 1
      },
      {
        "id": "color_mode",
        "name": "Color Mode",
        "default": 0,
        "min": 0,
        "max": 1
      },
      {
        "id": "pulse",
        "name": "Pulse Rhythm",
        "default": 0.5,
        "min": 0,
        "max": 1
      },
      {
        "id": "depth_influence",
        "name": "Depth Interaction",
        "default": 0.6,
        "min": 0,
        "max": 1
      }
    ],
    "features": [
      "depth-aware",
      "temporal-persistence",
      "chromatic-aberration",
      "multi-mode"
    ]
  },
  {
    "id": "astral-veins",
    "name": "Astral Veins",
    "url": "shaders/astral-veins.wgsl",
    "category": "image",
    "description": "Glowing, flowing veins that wrap around geometry, pulse, and colour‑cycle. Click to seed new veins.",
    "params": [
      {
        "id": "speed",
        "name": "Flow Speed",
        "default": 0.5,
        "min": 0.0,
        "max": 1.0
      },
      {
        "id": "scale",
        "name": "Noise Scale",
        "default": 0.5,
        "min": 0.0,
        "max": 1.0
      },
      {
        "id": "intensity",
        "name": "Glow Intensity",
        "default": 0.6,
        "min": 0.0,
        "max": 1.0
      },
      {
        "id": "hueShift",
        "name": "Hue Shift",
        "default": 0.0,
        "min": 0.0,
        "max": 1.0
      }
    ],
    "advanced_params": [
      {
        "id": "veinThickness",
        "name": "Vein Thickness",
        "default": 0.2,
        "min": 0.0,
        "max": 1.0
      },
      {
        "id": "depthInfluence",
        "name": "Depth Influence",
        "default": 0.5,
        "min": 0.0,
        "max": 1.0
      },
      {
        "id": "pulseSpeed",
        "name": "Pulse Speed",
        "default": 0.4,
        "min": 0.0,
        "max": 1.0
      }
    ],
    "features": [
      "depth-aware",
      "temporal-persistence",
      "interactive"
    ]
  },
  {
    "id": "radiating-haze",
    "name": "Radiating Haze",
    "url": "shaders/radiating-haze.wgsl",
    "category": "image",
    "description": "Animated aura around strong colours; browns, greys & blacks are ignored. Now with colour-mode switch.",
    "params": [
      {
        "id": "speed",
        "name": "Wave Speed",
        "default": 0.5,
        "min": 0.0,
        "max": 1.0
      },
      {
        "id": "intensity",
        "name": "Aura Intensity",
        "default": 0.6,
        "min": 0.0,
        "max": 1.0
      },
      {
        "id": "satThresh",
        "name": "Saturation Threshold",
        "default": 0.4,
        "min": 0.0,
        "max": 1.0
      },
      {
        "id": "radius",
        "name": "Aura Radius",
        "default": 0.5,
        "min": 0.0,
        "max": 1.0
      },
      {
        "id": "pulseSpd",
        "name": "Pulse Speed",
        "default": 0.4,
        "min": 0.0,
        "max": 1.0
      },
      {
        "id": "depthInf",
        "name": "Depth Influence",
        "default": 0.5,
        "min": 0.0,
        "max": 1.0
      },
      {
        "id": "hueBias",
        "name": "Hue Bias / Fixed Hue",
        "default": 0.0,
        "min": 0.0,
        "max": 1.0
      },
      {
        "id": "colourMode",
        "name": "Colour Mode",
        "default": 0.0,
        "min": 0.0,
        "max": 1.0,
        "labels": [
          "Shifted",
          "Original",
          "Fixed"
        ]
      }
    ],
    "features": [
      "depth-aware",
      "temporal-persistence",
      "colour-masking",
      "multi-mode"
    ]
  },
  {
    "id": "radiating-displacement",
    "name": "Radiating Displacement",
    "url": "shaders/radiating-displacement.wgsl",
    "category": "image",
    "description": "Rippling displacement waves emanate only from strong colours; neutrals stay sharp. Mouse-click to seed ripples.",
    "params": [
      {
        "id": "speed",
        "name": "Wave Speed",
        "default": 0.5,
        "min": 0.0,
        "max": 1.0
      },
      {
        "id": "strength",
        "name": "Displace Strength",
        "default": 0.5,
        "min": 0.0,
        "max": 1.0
      },
      {
        "id": "satThresh",
        "name": "Saturation Threshold",
        "default": 0.4,
        "min": 0.0,
        "max": 1.0
      },
      {
        "id": "radius",
        "name": "Wave Radius",
        "default": 0.5,
        "min": 0.0,
        "max": 1.0
      },
      {
        "id": "pulseSpd",
        "name": "Pulse Speed",
        "default": 0.4,
        "min": 0.0,
        "max": 1.0
      },
      {
        "id": "depthInf",
        "name": "Depth Influence",
        "default": 0.5,
        "min": 0.0,
        "max": 1.0
      }
    ],
    "features": [
      "depth-aware",
      "temporal-persistence",
      "interactive",
      "colour-masking"
    ]
  },
  {
    "id": "chromatic-infection",
    "name": "Chromatic Infection",
    "url": "shaders/chromatic-infection.wgsl",
    "category": "image",
    "description": "Strong colours spread like a living organism, infecting neutral regions with organic, pulsing tendrils. Watch vibrant hues consume the dull!",
    "params": [
      {
        "id": "spreadSpeed",
        "name": "Spread Speed",
        "default": 0.5,
        "min": 0.0,
        "max": 1.0
      },
      {
        "id": "intensity",
        "name": "Infection Intensity",
        "default": 0.6,
        "min": 0.0,
        "max": 1.0
      },
      {
        "id": "satThresh",
        "name": "Saturation Threshold",
        "default": 0.4,
        "min": 0.0,
        "max": 1.0
      },
      {
        "id": "tendrilScale",
        "name": "Tendril Scale",
        "default": 0.5,
        "min": 0.0,
        "max": 1.0
      }
    ],
    "advanced_params": [
      {
        "id": "pulseSpeed",
        "name": "Pulse Speed",
        "default": 0.4,
        "min": 0.0,
        "max": 1.0
      },
      {
        "id": "depthInf",
        "name": "Depth Influence",
        "default": 0.5,
        "min": 0.0,
        "max": 1.0
      },
      {
        "id": "hueShift",
        "name": "Hue Shift",
        "default": 0.0,
        "min": 0.0,
        "max": 1.0
      },
      {
        "id": "mutationRate",
        "name": "Mutation Rate",
        "default": 0.3,
        "min": 0.0,
        "max": 1.0
      }
    ],
    "features": [
      "depth-aware",
      "temporal-persistence",
      "colour-masking",
      "organic-growth"
    ]
  },
  {
    "id": "prismatic-mosaic",
    "name": "Prismatic Mosaic",
    "url": "shaders/prismatic-mosaic.wgsl",
    "category": "image",
    "description": "Color tiles break apart and reassemble into shifting prisms, turning strong colors into a kaleidoscopic mosaic that ripples across the image.",
    "params": [
      {
        "id": "tileSize",
        "name": "Tile Size",
        "default": 0.05,
        "min": 0.01,
        "max": 0.2
      },
      {
        "id": "speed",
        "name": "Mosaic Speed",
        "default": 0.3,
        "min": 0.0,
        "max": 1.0
      },
      {
        "id": "satBoost",
        "name": "Saturation Boost",
        "default": 0.2,
        "min": 0.0,
        "max": 1.0
      }
    ],
    "features": [
      "depth-aware",
      "temporal-persistence",
      "colour-masking"
    ]
  },
  {
    "id": "green-tracer",
    "name": "Green Tracer World",
    "url": "shaders/green-tracer.wgsl",
    "category": "image",
    "description": "Surreal green video effect with persistent motion trails, edge glow, and film grain. Perfect for toxic/night‑vision aesthetics.",
    "params": [
      {
        "id": "trailLen",
        "name": "Trail Length",
        "default": 0.6,
        "min": 0.0,
        "max": 1.0
      },
      {
        "id": "glowInt",
        "name": "Glow Intensity",
        "default": 0.7,
        "min": 0.0,
        "max": 1.0
      },
      {
        "id": "greenTint",
        "name": "Green Tint",
        "default": 0.8,
        "min": 0.0,
        "max": 1.0
      },
      {
        "id": "noiseAmt",
        "name": "Film Grain",
        "default": 0.1,
        "min": 0.0,
        "max": 0.5
      },
      {
        "id": "motionThresh",
        "name": "Motion Threshold",
        "default": 0.3,
        "min": 0.0,
        "max": 1.0
      },
      {
        "id": "depthInf",
        "name": "Depth Influence",
        "default": 0.4,
        "min": 0.0,
        "max": 1.0
      },
      {
        "id": "trailFade",
        "name": "Trail Fade Rate",
        "default": 0.5,
        "min": 0.0,
        "max": 1.0
      }
    ],
    "features": [
      "temporal‑persistence",
      "edge‑glow",
      "film‑grain",
      "depth‑aware"
    ]
  },
  {
    "id": "neon-pulse",
    "name": "Neon Pulse",
    "url": "shaders/neon-pulse.wgsl",
    "category": "image",
    "description": "Cyberpunk scanning lines that pulse with energy and conform to depth.",
    "params": [
      {
        "id": "scanSpeed",
        "name": "Scan Speed",
        "default": 0.5,
        "min": 0.0,
        "max": 1.0
      },
      {
        "id": "thickness",
        "name": "Line Thickness",
        "default": 0.3,
        "min": 0.0,
        "max": 1.0
      },
      {
        "id": "intensity",
        "name": "Glow Intensity",
        "default": 0.8,
        "min": 0.0,
        "max": 1.0
      },
      {
        "id": "hue",
        "name": "Neon Hue",
        "default": 0.8,
        "min": 0.0,
        "max": 1.0
      },
      {
        "id": "pulseRate",
        "name": "Pulse Rate",
        "default": 0.5,
        "min": 0.0,
        "max": 1.0
      },
      {
        "id": "depthInf",
        "name": "Depth Influence",
        "default": 0.6,
        "min": 0.0,
        "max": 1.0
      },
      {
        "id": "gridScale",
        "name": "Grid Scale",
        "default": 0.2,
        "min": 0.0,
        "max": 1.0
      }
    ],
    "features": [
      "depth-aware",
      "temporal-persistence",
      "cyberpunk"
    ]
  },
  {
    "id": "pixelation-drift",
    "name": "Pixelation Drift",
    "url": "shaders/pixelation-drift.wgsl",
    "category": "image",
    "description": "Dynamic pixelated mosaic with organic drifting motion and depth-aware pixel sizing. Watch as chunky pixels slowly morph and flow across the image.",
    "params": [
      {
        "id": "pixelSize",
        "name": "Pixel Size",
        "default": 0.15,
        "min": 0.01,
        "max": 1.0
      },
      {
        "id": "driftSpeed",
        "name": "Drift Speed",
        "default": 0.5,
        "min": 0.0,
        "max": 1.0
      },
      {
        "id": "colorBleed",
        "name": "Color Bleed",
        "default": 0.3,
        "min": 0.0,
        "max": 1.0
      },
      {
        "id": "depthInfluence",
        "name": "Depth Influence",
        "default": 0.6,
        "min": 0.0,
        "max": 1.0
      }
    ],
    "features": [
      "depth-aware",
      "temporal-persistence",
      "organic-motion"
    ]
  },
  {
    "id": "holographic-glitch",
    "name": "Holographic Glitch",
    "url": "shaders/holographic-glitch.wgsl",
    "category": "image",
    "description": "Futuristic holographic projection with RGB chromatic aberration, scanlines, digital artifacts, and unstable flickering. Perfect for sci-fi aesthetics.",
    "params": [
      {
        "id": "glitchIntensity",
        "name": "Glitch Intensity",
        "default": 0.5,
        "min": 0.0,
        "max": 1.0
      },
      {
        "id": "scanlineSpeed",
        "name": "Scanline Speed",
        "default": 0.5,
        "min": 0.0,
        "max": 1.0
      },
      {
        "id": "rgbShift",
        "name": "RGB Shift",
        "default": 0.6,
        "min": 0.0,
        "max": 1.0
      },
      {
        "id": "flicker",
        "name": "Flicker",
        "default": 0.4,
        "min": 0.0,
        "max": 1.0
      }
    ],
    "features": [
      "depth-aware",
      "temporal-persistence",
      "chromatic-aberration",
      "sci-fi"
    ],
  },
  {
    "id": "melting-oil",
    "name": "Melting Oil",
    "url": "shaders/melting-oil.wgsl",
    "category": "simulation",
    "description": "Sobel gradient-driven oil-paint flow with viscosity and hue shifts."
  },
  {
    "id": "physarum",
    "name": "Physarum Slime Mold",
    "url": "shaders/physarum.wgsl",
    "category": "simulation",
    "description": "Agent-based slime mold texture feeder that creates trails and networks."
  },
  {
    "id": "pixel-sand",
    "name": "Pixel Sand",
    "url": "shaders/pixel-sand.wgsl",
    "category": "simulation",
    "description": "Falling granular automata with RGB gravity and diagonal movement."
  },
  {
    "id": "navier-stokes-dye",
    "name": "Navier-Stokes Dye",
    "url": "shaders/navier-stokes-dye.wgsl",
    "category": "simulation",
    "description": "Velocity advection and dye injection with a pressure-like solve placeholder."
  },
  {
    "id": "temporal-echo",
    "name": "Temporal Echo",
    "url": "shaders/temporal-echo.wgsl",
    "category": "feedback",
    "description": "Feedback buffer and history texture for temporally offset echoes."
  },
  {
    "id": "reaction-diffusion",
    "name": "Reaction-Diffusion",
    "url": "shaders/reaction-diffusion.wgsl",
    "category": "simulation",
    "description": "Grey-Scott style color bleed with cross-channel inhibition."
  },
  {
    "id": "lenia",
    "name": "Lenia Cellular Automata",
    "url": "shaders/lenia.wgsl",
    "category": "simulation",
    "description": "Continuous cellular automata (Lenia) with ring kernel growth functions."
  },
  {
    "id": "bitonic-sort",
    "name": "Bitonic Pixel Sort",
    "url": "shaders/bitonic-sort.wgsl",
    "category": "sorting",
    "description": "Workgroup bitonic sort skeleton for pixel sorting and glitch effects."
  },
  {
    "id": "julia-warp",
    "name": "Julia Warp",
    "url": "shaders/julia-warp.wgsl",
    "category": "warp",
    "description": "Julia fractal-based warping with orbit traps for psychedelic coloring."
  },
  {
    "id": "voronoi",
    "name": "Voronoi Tessellation",
    "url": "shaders/voronoi.wgsl",
    "category": "tessellation",
    "description": "Animated Voronoi reconstruction (simplified feature detection)."
  },
  {
    "id": "spectrogram-displace",
    "name": "Spectrogram Displace",
    "url": "shaders/spectrogram-displace.wgsl",
    "category": "audio",
    "description": "Audio-driven per-pixel displacements from an FFT texture."
  },
  {
    "id": "datamosh",
    "name": "Datamosh",
    "url": "shaders/datamosh.wgsl",
    "category": "video",
    "description": "Motion-vector driven datamoshing and smear accumulation."
  },
  {
    "id": "ascii-glyph",
    "name": "ASCII Glyphs",
    "url": "shaders/ascii-glyph.wgsl",
    "category": "glyph",
    "description": "ASCII / SDF glyph morphing and atlas-based rendering."
  },
  {
    "id": "neon-edge-diffusion",
    "name": "Neon Edge Diffusion",
    "url": "shaders/neon-edge-diffusion.wgsl",
    "category": "edge",
    "description": "Sobel edge detection with neon-diffusion and color bleeding."
  },
  {
    "id": "boids",
    "name": "Boids Reveal",
    "url": "shaders/boids.wgsl",
    "category": "simulation",
    "description": "Flocking boids with reveal masking and simple attraction mechanics."
  }
]
